username,text,created_at,retweets,likes,search_terms
Bene Barbosa,Instant Karma... Suspeito de tentar assaltar motorista de aplicativo tem parada cardíaca e morre após abordagem da polícia | Bauru e Marília | G1 https://t.co/B7GwXgkA2V,2019-10-18 13:18:56+00:00,85,1192,"morre, moto, polícia"
Silvia 🇧🇼,"Desde que começaram as notícias que ""Bauru controlou o contágio sem fechar nada"" pois a prefeita é bolsonarista, tenho acompanhado os boletins da cidade. Ocupação de UTI está em 125%, e em média cerca de 10 óbitos. Continuo perguntando, quem vai pagar por essa tragédia?",2021-03-30 22:40:42+00:00,36,175,upa
QoT,"Um homem foi espancado entrando em seu próprio carro por ser ""confundido com bandido""

Um homem foi espancado até a morte por cobrar seu salário atrasado.

Um homem foi morto por seu vizinho por estar ""andando muito rápido"".

Adivinha o que esses homens tinham em comum?",2022-02-03 18:57:16+00:00,581,3890,"bandido, carro, cobra, morte, morto, obra"
QoT,"Uma mulher estava bebendo num bar e acabou perdendo a consciência. Quando o bar fechou, o dono do bar e outros clientes a carregaram até o meio da rua e simplesmente a abandonaram lá inconsciente. Pouco depois, um homem passou e a estuprou.

É um inferno ser mulher nesse país.",2022-03-31 23:08:19+00:00,278,3458,estupro
Crimes Reais,"Ela anotou tudo e em seguida ligou imediatamente para a polícia. Já no local, a polícia gritava por Bárbara e um deles conseguiu ouvir sons distantes de batidas abafadas vindo do chão. Então, começaram a cavar com as mãos. https://t.co/eJy81ryHaR",2022-05-17 15:24:17+00:00,2,496,"batida, polícia"
Jô جو de Barro🐣🕊🦉🇵🇸,"A POLICIA BATEU EM ESTUDANTE
A POLICIA BATEU EM CRIANÇAS
A POLICIA BATEU EM MÃES
A POLICIA BATEU EM IDOSO
A POLICIA BATEU EM TRABALHADOR
100 FAMILIAS QUE PERDERAM TUDO PARA A ENCHENTE DEVIDO AO LEITE: FORAM AGORA AGREDIDAS, ESTÃO SENDO TORTURADAS E DESPEJADAS PELO @EduardoLeite_",2024-06-16 17:33:11+00:00,129,383,enchente
BAÚ DO RIO OFC,"⚠️ATENÇÃO: Lista de algumas comunidades com operações policiais em andamento (incluindo a Operação Ordo). Evitem a região!

Vila Kennedy (CV)
Cidade de Deus (CV)
Complexo do Chapadão (CV)
Muzema (CV)
Gardênia Azul (CV)
Rio das Pedras (5.5)
Morro do Banco (CV)
Fontela
Tijuquinha https://t.co/raFYYlKMeq",2024-07-24 13:49:28+00:00,16,626,operação
Senhora RIVOTRIL🚩❤️,🚨🚨Defesa Civil de SP diz que falta de luz ocorre em diversas cidades do estado por causa da chuva: três pessoas morreram em Bauru e duas pessoas foram socorridas em estado grave em Cotia. https://t.co/AKfEl1ONlc,2024-10-12 01:01:25+00:00,1,13,"chuva, falta de, luz, morre"
Muka do Space 🎙️,"🔴 O temporal desta sexta-feira em São Paulo causou 7 mortes na Grande SP e no interior. Em Bauru, três pessoas, incluindo uma criança, morreram com a queda de um muro. Houve óbitos por quedas de árvores na capital e em Diadema. Mais de 1,6 milhão seguem sem energia. https://t.co/6h1XoRLk5R",2024-10-12 17:36:07+00:00,7,98,"energia, morre, morte, queda, temporal, árvore"
Enfermeiro do BRICS 🇧🇷 🇷🇺🇮🇳🇨🇳🇿🇦,A polícia fascista do Tarcísio invadiu o velório de um rapaz de 18 anos morto pelo Batalhão de Operações Especiais e Bauru e agrediu todos os que estavam presentes inclusive a mãe do falecido. O irmão foi preso por “desacato” https://t.co/tyIfilv8YR,2024-10-19 13:34:16+00:00,194,774,"morto, polícia, preso"
O Tempo,"PMs são investigados por invadirem velório e agredirem família de jovem morto em SP

Caso ocorreu na sexta-feira (18), em Bauru, há 330 Km de São Paulo

https://t.co/jVwD0SHTSY",2024-10-20 19:07:29+00:00,1,0,morto
Band.com.br,"Âncora falou sobre o caso dos policiais militares que invadiram velório de jovem baleado em confronto, em Bauru, no interior do estado; governador ainda não se pronunciou sobre o episódio de violência

Saiba mais:

https://t.co/HbJoBbDyAc",2024-10-21 15:11:54+00:00,1,4,"baleado, violência"
Ana,"Uma funcionária da Apae de Bauru foi vítima de um crime há alguns meses e o diretor da Apae foi preso pelo crime.

Na época eu e minha mãe estranhamos a reação da filha da vítima. Daí nesta semana surge a investigação de que a filha e mais outros da família estariam envolvidos 😐",2024-12-05 02:00:16+00:00,0,1,"crime, preso"
Metrópoles,"➡️ Apae de Bauru: vítima e suspeito de morte lideravam esquema, diz MPSP

MPSP apresentou denúncia acusando o ex-presidente da Apae Roberto Franscecheti Filho e a secretária Cláudia Lobo de comandar desvios na Apae

Leia: https://t.co/TWNOQPvTcZ https://t.co/rt5FPwZSvx",2024-12-20 14:12:46+00:00,1,3,morte
Ponte Jornalismo,"‘Eu não sei mais o que é viver’: pai luta por justiça para filho morto pela PM em Bauru

Ricky Silva, foi morto em julho de 2023 em Bauru. Dois policiais atiraram contra o jovem.

Reportagem: Catarina Duarte

Leia mais: https://t.co/WIgEQDBRtj",2024-12-20 17:13:53+00:00,3,28,morto
Metrópoles,"➡️ Apae de Bauru: namoro com delegado foi motivo para morte de secretária

Denúncia do MPSP aponta que secretária da Apae de Bauru foi morta por comparsa em esquema de corrupção por namorar com delegado aposentado

Leia: https://t.co/7vIj1pMS7w https://t.co/3WbOEAkjDn",2024-12-21 18:22:52+00:00,2,8,"morta, morte"
g1,Passageira registra desespero em carro ilhado enquanto enxurrada cobre veículo em serra no interior de SP https://t.co/F3BOfbcGnW #g1,2024-12-22 18:30:00+00:00,4,43,"carro, enxurrada"
Leandro Leandro,"Roubo: Preso em ""saidinha"" da Penitenciária de Osvaldo Cruz fere mulher com garfo e é surrado em Bauru/SP
https://t.co/QLdqpujAOZ https://t.co/OLJ4pwNGIv",2024-12-24 17:30:30+00:00,1,0,"preso, roubo"
Polícia Militar do Estado de São Paulo,"Helicóptero Águia auxilia na recuperação de motocicleta furtada em Bauru/SP

Confira:https://t.co/wBiE1dcpgP https://t.co/7Rqd6A2eaF",2025-01-01 11:04:11+00:00,15,111,"furtada, moto"
Jornal Diário do Estado,"Motociclista morre após colisão com carreta na Castello Branco: acidente fatal em Itatinga, SP – De Bauru e Marília ➡️ Leia: https:// https://t.co/wNKFmWoFIF https://t.co/UPWynnsEvS",2025-01-02 16:40:23+00:00,0,0,"acidente, morre, moto"
Fantástico,"O esquema desviou mais de R$ 7 milhões. Segundo a polícia, o dinheiro era repartido entre o presidente da APAE de Bauru, a diretora executiva dele e empresários, que emitiam notas fiscais: https://t.co/KpRTGWt6Kx #Fantástico",2025-01-06 01:59:17+00:00,2,26,polícia
drussyler,Graças a Deus o bauru é um micoooo porque imagina deixar o Sesc que tava morto daquele jeito crescer no jogo,2025-01-16 23:11:05+00:00,0,5,morto
Jornal Diário do Estado,Fraude em Bauru (SP): grupo criminoso de São Paulo lesou vítimas em R$ 80 mil. Líder preso. ➡️ Leia: https:// https://t.co/lCiptsFsc6 https://t.co/iXja41Y8Lg,2025-01-17 17:34:17+00:00,0,0,"criminoso, preso"
Agência SP,"#Saúde @governosp destina R$ 12,4 milhões para intensificar o combate à dengue na região de Bauru.
https://t.co/OFews0v7JJ",2025-01-25 14:05:25+00:00,0,0,dengue
Polícia Militar do Estado de São Paulo,"PM flagra dupla vendendo drogas perto do “Alfredão"", estádio do Noroeste, em Bauru/SP

➡️ Adolescente foi apreendido e homem preso com porções de crack, haxixe e cocaína, além de cerca de R$ 1,5 mil em dinheiro.

Confira: https://t.co/EpQxx3tjGh https://t.co/NbonmJynUf",2025-01-26 13:39:51+00:00,7,43,"cocaína, crack, droga, preso"
Estradas.com.br,Acesso à SP-225 terá interdição para obras na marginal em Bauru https://t.co/KatX1QPZbY via @sosestradas,2025-01-27 12:52:18+00:00,0,0,"interdição, obra"
Metrópoles,"➡️  Trio de bolivianos é preso com drogas no estômago em rodovia

Bolivianos foram presos dentro de ônibus após abordagem da PM em rodovia de Bauru (SP). Trio foi levado para delegacia da PF na região

Leia:  https://t.co/ENnBNksmDC https://t.co/TlqSlGdoa2",2025-01-29 23:36:21+00:00,1,6,"delegacia, droga, preso, ônibus"
Jornal Diário do Estado,Mulher morre em colisão entre carro e moto na Marechal Rondon em Bauru ➡️ Leia: https:// https://t.co/0nh1apOpkR https://t.co/IF7HQnGyDA,2025-01-30 15:51:32+00:00,0,1,"carro, morre, moto"
Polícia Militar do Estado de São Paulo,"Moto roubada é recuperada pela Polícia Militar em Bauru/SP

➡️ Criminosos trocaram a cor do veículo para que ele não fosse identificado.

Confira: https://t.co/4400pgSd78 https://t.co/nHvDXGOXb6",2025-02-03 19:17:29+00:00,0,14,"criminoso, moto, polícia, roubada"
Ponte Jornalismo,"Vítimas da violência policial fazem oitavo protesto em Bauru: ‘Desejamos justiça’

Manifestação promovida por amigos e familiares de mortos em ações da PM aconteceu no sábado (15/2).

Por: Catarina Duarte

Leia a reportagem completa: https://t.co/Az0SqmVQ2m",2025-02-17 16:46:57+00:00,9,26,"morto, violência"
Monica das Pretas,"🚨VIOLÊNCIA POLICIAL EM BAURU 🚨
[ALERTA GATILHO]

Policiais agridem uma família no bairro Ferradura-Mirim. A família e testemunhas relatam que a polícia agrediu e forjou o jovem.

Com a escalada de violência, Mães que se organizam na cidade denunciam perseguição e o movimento https://t.co/2cfwdpD9Ny",2025-02-17 21:13:05+00:00,2,14,"polícia, violência"
Metrópoles,"➡️ Bauru: após nomear mãe, prefeita fica noiva de presidente de autarquia

Suéllen Rosim ficou noiva do presidente do Departamento de Água e Esgoto da cidade, nomeado por ela em 2024

Leia: https://t.co/h3o3jmsAkc https://t.co/uKbJxjiIL7",2025-02-18 12:33:29+00:00,8,33,"esgoto, água"
Lucas Bernardes,"vai tomar no cu duque de Caxias, uns buraco enorme no meio da avenida, pra foder c meu carro. n aguento mais esse asfalto lixo de Bauru que só serve pra estragar pneu, suspensão, e a porra toda e eu ter que gastar c isso dps. NAO TEM UMA RUA COM ASFALTO BOM NESSA CIDADE",2025-02-19 17:28:51+00:00,0,0,"asfalto, buraco, carro, lixo"
Metrópoles,"➡️  Homem é condenado a mais de 16 anos após jogar cadeirante do viaduto

Jorge Luis Faria de Moraes foi preso em flagrante em 2020 após jogar um cadeirante, em situação de rua, do viaduto, em Bauru

Leia: https://t.co/bcjv9e7i8F https://t.co/0UKc6ErTPC",2025-02-20 04:15:00+00:00,2,11,preso
Record Paulista,Loja furtada em Bauru: mais de R$ 200 MIL de prejuízo https://t.co/qcxyxDlSFW via @YouTube #RecordPaulista #PlayPlus #R7,2025-02-24 20:35:59+00:00,0,0,furtada
g1,Tutor é preso em flagrante após abandonar filhote de cachorro em carro fechado sob o sol no interior de SP https://t.co/EGZHkWPkSd #g1,2025-02-25 00:00:01+00:00,9,218,"carro, preso"
sertral¡a ★ 🇵🇸,para o DEMONIO infeliz que mora em bauru e entrou na minha conta do roblox: eu espero que SUAS BOLAS CAIAM e voce seja levado pela ENXURRADA ate o ESGOTO 🖕vou rastrear seu ip pra descobrir seu endereço e deixar 10 milhões de mosquitos da dengue INFECTADOS na porta da SUA casa 🖕,2025-02-26 03:23:14+00:00,1,2,"dengue, enxurrada, esgoto"
ianzito.,esse arrombado que tem olhos de picles e lingua de rosbife fica escanteado na rodoviaria de bauru e já foi roubado umas 3 vezes. muito bom pertencer.,2025-02-27 22:06:47+00:00,3,34,roubado
Marxista.Blog 🇨🇺🇦🇴🇲🇿🇨🇻🇵🇸🇧🇫🇲🇱,@vitorlara31 Na verdade o pinguim é conhecido por Rodrigo Esgotinho porque quando prefeito de Bauru não terminou a obra de tratamento de esgoto da cidade. Isso sim é que é crime ambiental. https://t.co/G4IpouKxNs,2025-02-28 20:38:41+00:00,0,2,"crime, esgoto, obra"
Agência SP,"#Saúde Saúde alerta para importância da vacinação contra a dengue; veja cobertura na região de Bauru.

https://t.co/TwZ082jCRn",2025-03-01 13:40:00+00:00,0,0,dengue
🍓Moghis🍓,é melhor essa academia do oscar nao pisar em bauru sp pq estao todos jurados de morte,2025-03-03 03:51:15+00:00,1,13,morte
bailentheress 1.5,juro vei ter a mesma festa nas mesmas republicas com os mesmos djs toda semana não faz de bauru menos morta .,2025-03-05 22:09:19+00:00,2,13,morta
Bru,"Se bauru não tá com cheiro de esgoto tá com cheiro de queimada
Cidade podre!",2025-03-06 11:55:54+00:00,0,0,"esgoto, queimada"
Polícia Militar do Estado de São Paulo,"Mulher é presa em ônibus com mais de 50 kg de maconha durante fiscalização na SP-225, em Bauru/SP
Confira:https://t.co/jLsUfcV2gd https://t.co/FKF0EK4jUS",2025-03-07 11:51:20+00:00,17,107,"maconha, presa, ônibus"
alexia,"final de semana que vem vou fazer trilha aqui em bauru sozinha, se eu sumir já sabem que fui morta",2025-03-10 01:19:47+00:00,0,1,morta
Polícia Militar do Estado de São Paulo,"Traficante de drogas é preso em Bauru/SP
Confira:https://t.co/mMFten7Twl https://t.co/BZkhQIR81h",2025-03-11 18:09:46+00:00,2,26,"droga, preso, traficante"
tadssss,toda vez q alguem vem me falar q ta triste pq eu vou pra bauru um pedaço de mim morre pqp amo mto essa unesp araraquara nao tem jeito,2025-03-14 17:57:39+00:00,0,16,morre
Cleiton Lucas,Após a chuva destruir 80% de Bauru só me resta ir dormir sem energia!,2025-03-15 23:30:21+00:00,3,5,"chuva, energia"
Gabiiii,"odeio qdo acaba luz em Bauru, privatizaram essa merda de CPFL e demora anos pra religaram a energia e essa prefeitura do capeta é um inferno pra poder cortar 1 árvore q balança os fios da energia e solta faíscas nas ruas, um INFERNO, uma burocracia do cão e se vc corta leva multa",2025-03-16 00:18:07+00:00,0,1,"cpfl, energia, luz, prefeitura, árvore"
Luca (Taylor's Version),simplesmente o maior temporal babilônico em bauru acabou luz acabou tudo começou a entrar água no meu apartamento por baixo da porta e pra janela do banheiro eu fiquei desesperado mds https://t.co/JhppK6jvyF,2025-03-16 00:24:56+00:00,3,10,"luz, temporal, água"
Alma Preta,"Para uma das vítimas do ataque em Bauru, o crime se trata de uma tentativa de intimidação; um boletim de ocorrência foi registrado na Polícia Civil
https://t.co/z65YqhGuhK",2025-03-24 20:00:40+00:00,0,5,"crime, polícia"
Ana Bia,Qualquer poça de água é alagamento aqui em Bauru,2025-03-26 10:14:01+00:00,0,0,"alagamento, água"
Defesa Civil do Estado de São Paulo,"Juntos contra a dengue!

Estivemos em Bauru em mais uma grande ação de combate ao mosquito Aedes aegypti.

Previna. Participe. Proteja. https://t.co/jIWV9ZzXIo",2025-03-26 16:47:28+00:00,3,16,dengue
Polícia Militar do Estado de São Paulo,"Traficante de drogas é preso em Bauru/SP
Confira:https://t.co/9j4sYpG7Eg https://t.co/7h0Ob6Pn5M",2025-03-27 13:31:41+00:00,5,68,"droga, preso, traficante"
Grupo do bem estar,"DENGUE GRAVE mata mulher de 23 anos em Bauru. Em Americana, Decreto de Emergência  por Dengue Grave.https://t.co/omECSY4Oh1 #flamengo #internacional #futebol #dorivaljr #ancelotti #seleção #cbf #zoonoses #oms #anvisa #repelente #icaridina #soroterapia #hidratação #água #plaquetas https://t.co/nWCks2S5s8",2025-03-30 02:13:25+00:00,0,0,"dengue, água"
Léo Vilhena ✠ ,"Motociclista morre após bater na traseira de carro em Bauru

#Acidente #Bauru #saopaulo #redegni

https://t.co/nkzKKo2GVK",2025-03-30 13:11:25+00:00,0,0,"acidente, carro, morre, moto"
news and ufology,"Assalto na esquina da Unigranrio em frente ao Bauru na 25 de agosto, Duque de Caxias, Rio de Janeiro, Brasil. https://t.co/fZ0sJjMyq4",2025-03-30 21:09:49+00:00,2,3,assalto
comida de hipertenso,"peguei no blablacar um mlk com um Palio duro duro, que passa em buraco e parece que tô sentando o cu no asfalto aí ele quer colocar 150km/h bauru Marília (que a 100 já dá uma horinha só de viagem) e essa caixa de alumínio tá tremendo mais que avião da azul em turbulência",2025-03-30 21:19:40+00:00,0,7,"asfalto, buraco"
🍓Moghis🍓,"eu sempre falo que odeio bauru mas sinto muita falta dos meus amigos de la, sempre que to na cidade que eu faço faculdade é muito solitario no fim eu so quero me formar logo e sair desse buraco eu nao aguento mais",2025-04-04 21:15:58+00:00,1,10,buraco
g1 Bauru,"Colegas lamentam morte de piloto Eduardo Imamura em acidente na BR-153
https://t.co/8BZJIvkOrx

#g1 #Marilia https://t.co/UsthNf26QE",2025-04-07 12:17:19+00:00,0,1,"acidente, morte"
g1 Bauru,"Filho do piloto Eduardo Imamura morre após acidente na BR-153
https://t.co/TgrMgirN18

#g1 #Marilia",2025-04-08 12:37:22+00:00,0,0,"acidente, morre"
Marechal,"Assalto a banco profissional em Bauru 🚨🚨🚨

Quatro criminosos, dois deles armados, escalaram a parede de uma agência bancária, entraram pelo teto e renderam os funcionários.

Deixaram o local poucos minutos depois levando o dinheiro, sem disparar alarmes ou deixar feridos

👇 https://t.co/1Sj06zbDdx",2025-04-08 17:49:29+00:00,0,3,"assalto, criminoso"
g1 Bauru,"🚨Em 15 minutos, criminosos levam quase meio milhão de reais de agência bancária durante roubo com reféns
https://t.co/myuvauCUYn #g1 #Bauru https://t.co/j9HDmTRTpp",2025-04-08 22:41:37+00:00,0,0,"criminoso, roubo"
g1 Bauru,Dengue tipo 4 é confirmada em Bauru e cidade passa a ter circulação de todos os sorotipos https://t.co/ZYmty5h4a8 #g1 #Bauru,2025-04-08 23:17:11+00:00,0,0,dengue
Jornal O Dia,Quadrilha armada rouba R$ 470 mil de agência do Banco do Brasil em Bauru. #Roubo #Segurança #Polícia #SãoPaulo #ODia https://t.co/rRjoXAsOcb,2025-04-09 15:46:01+00:00,0,2,"polícia, roubo"
g1 Bauru,"Mulher é presa em flagrante por jogar soda cáustica no rosto de dono de academia
https://t.co/uzykFFM8CW

#g1 #Marília https://t.co/IqJrMYGlWq",2025-04-09 16:52:39+00:00,0,0,presa
Band.com.br,"Homem é preso levando quase 60 celulares a presídio em Bauru (SP)

https://t.co/0RZWPV2uC2",2025-04-10 17:24:43+00:00,0,1,preso
Band Jornalismo,"Homem é preso levando quase 60 celulares a presídio em Bauru (SP)

https://t.co/71sSneLWna",2025-04-10 17:24:57+00:00,0,1,preso
sâmi,investiguem a água que essas manas do bauru tomaram no intervalo do primeiro set https://t.co/548I4gtj3V,2025-04-10 21:51:58+00:00,4,68,água
CNN Brasil,"Homem é preso tentando levar drogas e 60 celulares à penitenciária em Bauru

https://t.co/lDG3RIFfdc",2025-04-10 22:39:00+00:00,5,14,"droga, preso"
Gazeta Brasil,Homem que levaria drogas e quase 60 celulares à penitenciária é preso em Bauru (SP) - https://t.co/gM8FJYVSwX,2025-04-11 00:23:30+00:00,19,104,"droga, preso"
SBT Jornalismo,"➡️Homem é preso com quase 60 celulares que seriam entregues a presídio em Bauru

Suspeito também foi flagrado com acessórios eletrônicos e droga #sbtnews
https://t.co/r4HkAolFc0",2025-04-11 03:30:01+00:00,0,4,"droga, preso"
g1 Bauru,"Bauru vira o epicentro do sorotipo 4 da dengue em SP, alerta especialista
https://t.co/LfLQYeUcPO

#g1 #Bauru #dengue https://t.co/MYwNWhqTrT",2025-04-11 12:20:41+00:00,0,0,dengue
Agência SP,"#Segurança Homem que levaria drogas e quase 60 celulares à penitenciária é preso em Bauru.

https://t.co/ABScJLenkm",2025-04-11 13:20:00+00:00,0,0,"droga, preso"
Tarcísio Gomes de Freitas,"NINGUÉM AGUENTA MAIS PROMESSA! E é por isso que demos fim à espera e antecipamos a entrega de modernização da rodovia Osni Mateus, (SP 261), que liga os municípios de Borebi e Lençóis Paulista, na região de Bauru. Uma obra aguardada há 60 anos e que agora é uma realidade e é https://t.co/whjmb4bs4u",2025-04-12 12:03:28+00:00,1643,9375,obra
g1 Bauru,🚔 Homem é preso após ingerir mais de 40 cápsulas de cocaína em Assis https://t.co/wsjwAfTPst #g1 #Assis,2025-04-12 13:21:50+00:00,0,2,"cocaína, preso"
g1 Bauru,"Trio é preso em flagrante durante operação contra tráfico de drogas em Botucatu
https://t.co/R3EpgWRqZQ

#g1 #Botucatu https://t.co/ubDQzyToAN",2025-04-12 19:34:52+00:00,0,1,"droga, operação, preso, tráfico"
g1 Bauru,"Homem morre ao ser prensado por cabine de caminhão em Bauru
https://t.co/PITg4Rzl4w

#g1 #Bauru https://t.co/PQFNwxNKto",2025-04-12 21:39:09+00:00,0,1,"caminhão, morre"
g1 Bauru,"🚨 Queda de 70 metros
Piloto de paraglider morre após sofrer acidente durante voo em Botucatu
https://t.co/DzMsGRQ1Bd #g1 #Botucatu",2025-04-13 14:54:45+00:00,0,2,"acidente, morre, queda"
g1 Bauru,"🦟 Marília realiza nebulização noturna contra a dengue em 11 áreas a partir desta segunda-feira; veja os locais
https://t.co/uGVtPKx7ou #g1 #Marília https://t.co/AlLaXtMgpp",2025-04-13 21:48:28+00:00,0,0,dengue
g1 Bauru,"Homem é preso suspeito de invadir hospital e agredir ex-mulher que acompanhava o filho internado em Tupã
https://t.co/zKJOOR1Ga3

#g1 #Tupã https://t.co/PbtSUNoVRX",2025-04-14 17:39:44+00:00,0,0,"hospital, preso"
g1 Bauru,"🚨 Adolescente é apreendido e jovem é preso durante operação contra rede de crimes de ódio
https://t.co/WVekZGW4gU #g1 #Bauru https://t.co/K0afTW6Mug",2025-04-15 17:26:20+00:00,0,1,"crime, operação, preso"
g1 Bauru,"🚨 Polícia Civil realiza operação contra facção criminosa em SP
https://t.co/4PUiXyTWxZ #g1 #Pardinho #Bauru https://t.co/nBDkOK4OUR",2025-04-15 17:26:44+00:00,0,0,"criminosa, operação, polícia"
Governo de S. Paulo,"Antes e depois da Rodovia Osni Mateus (SP 261) 🚧

O @governosp entregou as obras de melhoria da rodovia que liga os municípios de Borebi e Lençóis Paulista, na região de Bauru. A obra é uma das 1.500 contempladas pelo #SPPraTodaObra, o maior programa de modernização rodoviária https://t.co/R3mPtoffLL",2025-04-15 22:23:09+00:00,6,23,obra
Governo de S. Paulo,"Antes e depois da Rodovia Osni Mateus (SP 261) 🚧

O @governosp entregou as obras de melhoria da rodovia que liga os municípios de Borebi e Lençóis Paulista, na região de Bauru. A obra é uma das 1.500 contempladas pelo #SPPraTodaObra, o maior programa de modernização rodoviária https://t.co/R3mPtoffLL",2025-04-15 22:23:09+00:00,5,22,obra
Tarcísio Gomes de Freitas,"JÁ VIU COMO FICOU A RODOVIA OSNI MATEUS? O São Paulo Pra Toda Obra chegou à região de Bauru dois meses antes do previsto para liberar mais de 27 km de extensão na SP 261, que vão ligar as cidades de Borebi e Lençóis Paulista. O maior programa de modernização rodoviária da https://t.co/ETYqBPWI5H",2025-04-16 13:00:38+00:00,689,3706,obra
g1 Bauru,"Idoso morre em acidente envolvendo carro e kombi em rodovia
https://t.co/c1QzBA0LPr

#g1 #Itápolis #Ibitinga https://t.co/OFsj8hui7c",2025-04-16 15:39:15+00:00,0,0,"acidente, carro, morre"
g1 Bauru,"🚨Sacrário é furtado de igreja e encontrado intacto em Ibirarema
https://t.co/zBTFFohKgR https://t.co/u8ZnDQqhlt",2025-04-16 22:14:51+00:00,0,1,furtado
Ac1d An4h ☣︎,meu deus 2 paneleiro de bauru foram preso espero que morram,2025-04-17 12:25:42+00:00,0,14,preso
g1 Bauru,"Jovem morre após perder o controle da direção, rodopiar na pista e bater de frente com caminhão no interior de SP https://t.co/NbjlX8A71q #g1 #Queiroz",2025-04-19 18:22:37+00:00,0,1,"caminhão, morre"
g1 Bauru,"🦟Apenas 11% do público-alvo se vacinou contra a dengue em Marília; município já registrou quase 7 mil casos da doença
https://t.co/zRowyNMQ3t #g1 #Marília https://t.co/eVaPQQoCi8",2025-04-20 21:24:19+00:00,0,1,dengue
g1 Bauru,"🏞️ Alunos de Barra Bonita

Estudantes criam coletor ecológico de água que será usado no Rio Tietê https://t.co/Rq0LjT2enQ #g1bauru",2025-04-21 12:32:20+00:00,0,0,água
Metrópoles,"➡️ Larica pelos Correios: jovem envia haxixe escondido em doce de leite

Jovem de 18 anos enviou pelos Correios embalagens de doce de leite com porções de maconha e haxixe. A mercadoria foi enviada a Bauru (SP)

Leia: https://t.co/2arPUoKvQY https://t.co/n6B1W5kPPs",2025-04-22 17:35:25+00:00,0,7,maconha
g1 Bauru,"Homem é preso suspeito de agredir enteado em Bastos
https://t.co/kGbM7zUObS

#g1 #Bastos https://t.co/9JRQef4uke",2025-04-23 18:19:37+00:00,0,0,preso
g1 Bauru,"🚨 Pedreiro morre soterrado em obra em Duartina
https://t.co/bieJGwENag #g1 #duartina https://t.co/kxx249ootr",2025-04-24 22:18:33+00:00,0,1,"morre, obra"
g1 Bauru,"Brasileira viaja ao Vaticano para bênção de Páscoa e é surpreendida pela morte do papa no dia seguinte: 'Difícil de assimilar'
https://t.co/8wzjGjaGJk

#g1 #Ourinhos #PapaFrancisco https://t.co/SbvdhLBF44",2025-04-25 12:04:39+00:00,0,1,morte
gab,"indo pra Bauru com o Bruno e ele “nossa mor, tem um radar daqui 540 metros” e eu “a deve ser lá em Lençóis, tá longe ainda” (tava quase na nossa frente)",2025-04-25 15:28:42+00:00,0,3,radar
Ney,"@Luiza22Brasil @JeffreyChiquini Se mantiveram um cara preso por longos meses por uma nota de jornal sobre uma ""duvidosa"" viagem para os EUA, que por si só não é crime, não duvido de mais nada.",2025-04-25 20:11:48+00:00,0,2,"crime, preso"
g1 Bauru,Mulher é presa suspeita de furtar morfina e fentanil da Santa Casa de Cabreúva https://t.co/Cfu0fAM10t #g1 #Cabreúva,2025-04-25 20:42:29+00:00,0,0,presa
ONG Olhar Animal,"Após enforcar cadela e ameaçar vizinhas, homem armado com faca é preso em Bauru, SP https://t.co/Vw00fIlst7",2025-04-26 13:06:00+00:00,0,3,preso
Polícia Militar do Estado de São Paulo,"Casal é preso com mais de 117 kg de maconha na SP-300 em Bauru/SP
Confira: https://t.co/gGBkvRqG03 https://t.co/i7zZHWxGq9",2025-04-26 13:57:16+00:00,24,165,"maconha, preso"
g1 Bauru,"⛲ Água potável e tratamento de esgoto

Cidades da região aderem ao programa de consórcios para aumentar acesso ao saneamento https://t.co/EawxqqFDcd #g1bauru",2025-04-26 14:58:43+00:00,1,2,"esgoto, água"
g1 Bauru,"🚨Casal é preso após ser flagrado transportando mais de 115 kg de maconha em Bauru
https://t.co/UPXgKw4BZC",2025-04-26 22:10:23+00:00,0,2,"maconha, preso"
Léo Vilhena ✠ ,Casal é preso após ser flagrado transportando 115 kg de maconha em Bauru https://t.co/a1FWHwu1tj via @redegni,2025-04-27 12:31:48+00:00,0,1,"maconha, preso"
g1 Bauru,"🛣️Pedestre morre atropelado por carreta na Rodovia Marechal Rondon em Bauru
https://t.co/hGz3nslv9u #g1 #Bauru",2025-04-27 13:40:04+00:00,0,1,"morre, pedestre"
Estradas.com.br,"Pedestre é atropelado e morto sob passarela na SP-300, em Bauru https://t.co/FxXItnGHmc via @sosestradas @artespsp @RodoviariaPMESP @Senatran @ABRAMET @RenanFilho_",2025-04-27 15:43:23+00:00,0,0,"morto, pedestre"
culi,compro ingresso final da superliga feminina de vôlei no ibirapuera osasco x bauru caso de vida ou morte https://t.co/6qYzHfSl6B,2025-04-27 17:15:49+00:00,0,5,morte
Rede GNI 𝕏 ,"Casal é preso após ser flagrado transportando 115 kg de maconha em Bauru Ocorrência foi registrada na Rodovia Marechal Rondon (SP-300), em Bauru (SP). Casal tentou fugir ao receber sinal de parada pela Polícia Rodoviária. https://t.co/calTd2Lpum",2025-04-27 18:55:01+00:00,1,2,"maconha, polícia, preso"
g1 Bauru,Núcleo de atendimento às vítimas de violência é inaugurado em Bauru pelo Ministério Público https://t.co/jqVhdaCcKZ #g1 #Bauru,2025-04-27 21:03:38+00:00,0,2,violência
Emanuel B. Leite,"Demetrius leva a melhor no terceiro jogo da série entre Paulistano e Bauru. Com apenas 2 segundos, Brunão faz o gamewinner e o time da capital pode fechar a série em casa.

Água no chope total para a prorrogação que Brite poderia ter conseguido para o Bauru. Jogaço dos técnicos. https://t.co/X8Qu53RfVC",2025-04-27 23:16:22+00:00,0,5,água
g1 Bauru,"Motociclista morre após bater em talude na rodovia Professor Hipólito Martins
https://t.co/QUj8qEwYzK

#g1 #Botucatu https://t.co/Sy7RjEqTOM",2025-04-28 16:25:12+00:00,0,0,"morre, moto"
ximbuquinha,bota sequestro relâmpago bota caminhão desgovernado bota fio desencapado bota ferrovia enferrujada bota trem passando por cima bota avião caindo rodando bota queda de prédio bota rodeio sem boi bota na minha vida papai do céu bota,2025-04-28 19:07:28+00:00,0,0,"caminhão, queda"
Joaquim Rubio Neto,"@alexandregarcia Saudades mesmo. Na minha infância, viajava de Tupã a São Paulo. Em Marília, aclopava o vagão restaurante, e em Bauru, o vagão leito. Por volta das 6 e meia, Estação da Luz. Tempo bom❤️",2025-04-29 09:47:25+00:00,0,2,luz
Jornal A Tribuna,"🚔 Homem suspeito de atirar em quatro pessoas em quiosque de praia no litoral de São Paulo é preso

Homem, de 51 anos, foi detido em Bauru (SP) e afirmou à polícia que estava escondido há 30 dias na cidade ⬇️
https://t.co/3QUvMmamC7",2025-04-29 15:27:51+00:00,0,3,"polícia, preso"
g1 Bauru,"🛣️Motorista morre após carreta carregada com limões tombar em alça de acesso à SP-300 em Bauru
https://t.co/cSHkIf0ldS #g1 #Bauru https://t.co/WKFIj7Mk8p",2025-04-30 18:52:32+00:00,0,0,"morre, moto"
Fúria e Tradição,"Dois ladrões entram numa residência de madrugada para roubar, mas o marido enfrenta os bandidos e consegue espanca-los.

A esposa chamou a polícia que prendeu os bandidos, e o marido decidiu ir junto para a delegacia para se certificar que o BO seria feito.

A surpresa é que o https://t.co/rJN9yf1Vco",2025-05-02 14:02:00+00:00,1464,6845,"bandido, delegacia, polícia, presa"
Fúria e Tradição,"Dois ladrões entram numa residência de madrugada para roubar, mas o marido enfrenta os bandidos e consegue espanca-los.

A esposa chamou a polícia que prendeu os bandidos, e o marido decidiu ir junto para a delegacia para se certificar que o BO seria feito.

A surpresa é que o https://t.co/rJN9yf1Vco",2025-05-02 14:02:00+00:00,1877,8404,"bandido, delegacia, polícia, presa"
g1 Bauru,"🕳️Carro cai em cratera aberta para obra de drenagem no Parque Primavera em Bauru
https://t.co/NqRvgC9JLJ #g1 #Bauru https://t.co/sk5NuYkB4O",2025-05-02 20:42:48+00:00,0,0,"carro, cratera, obra"
Portal AtaNews,Carro cai em cratera aberta para obra de drenagem em Bauru https://t.co/l9j2U1AmG6 x,2025-05-03 12:10:57+00:00,0,1,"carro, cratera, obra"
g1 Bauru,"🛣️Motorista morre após carreta bater contra talude na rodovia Comandante João Ribeiro de Barros em Pederneiras
https://t.co/82WgfXi6oH #g1 #Pederneiras https://t.co/iqOPVl6fE1",2025-05-03 15:21:33+00:00,0,0,"morre, moto"
geradora infinita de lerolero by :3 Gabi,"Hj vou usar a mesma roupa que usei quando deixei o ramemes no busao de bauru pra sp pra ver se ele lembra de mim
Pq na época eu tava careca e agr eu tô com o cabelo grande https://t.co/ROyw4Eqh9g",2025-05-17 00:17:49+00:00,0,30,upa
carol ℗,28 reais o uber p rodoviaria nao to querendo acreditar que vai debitar este ROUBO nao vai se foder bauru,2025-06-18 21:37:12+00:00,0,5,roubo
Polícia Federal,"🚨🚔#OPERAÇÃOPF | PF desarticula organização criminosa especializada em lavagem de dinheiro do tráfico de drogas. Foram cumpridos 8 mandados de busca e apreensão em Bauru e Piratininga.

➡️Saiba mais: https://t.co/X62qfs319k https://t.co/eUXYqj2Mzx",2025-06-26 14:51:28+00:00,26,97,"criminosa, droga, operação, tráfico"
Jornal Diário do Estado,Prisão de 3 pessoas por furto de cobre e construção em Bauru: flagrantes recentes ➡️ Leia: https:// https://t.co/tp8fHosjmy https://t.co/Sp0sUX3S3h,2025-07-28 14:06:13+00:00,0,0,"furto, prisão"
laura palmer de bauru,"sabe qual é a única população no brasil que vive uma guerra de guerrilha a mais de trinta anos contra o Estado brasileiro?
São as transexuais, especialmente as travestis negras, que lutam diariamente contra o cistema de morte que nos cerca e mata sem dó",2025-07-28 19:29:37+00:00,16,139,morte
si,ai se eu tivesse em bauru ja estaria com a cerveja em uma mao um paiero merda na outra chorando na calçada esperando meu mana poke,2025-07-29 16:42:44+00:00,0,6,calçada
Dr Hélio Santos,"Quem conheceu o “Trem da morte” da NOB - Noroeste do Brasil?
Um percurso de Bauru à Santa Cruz de La Sierra, Bolívia!",2025-08-02 17:45:26+00:00,3,6,morte
Ipem-SP,"Em Bauru, Ipem-SP realizará verificação de radar na avenida Cruzeiro do Sul. Saiba mais, acesse https://t.co/G2nNItjVFX

#ipemsp #metrologia #consumidor #fiscalização #infraestruturadaqualidade https://t.co/cqBD0NTWsN",2025-08-08 15:36:34+00:00,0,0,radar
Agência SP,"A partir desta sexta-feira (8), o @governosp leva para a região de Bauru o atendimento da Cabine Lilás, projeto da Polícia Militar voltado ao acolhimento de mulheres vítimas de violência doméstica.

Acompanhe os detalhes.👇 https://t.co/M7jA3R9cbW",2025-08-08 21:10:54+00:00,0,0,"polícia, violência"
Segurança Pública de SP,"A região de Bauru agora conta com a Cabine Lilás, um espaço dedicado a acolher e proteger mulheres que enfrentam a violência doméstica.

Confira 👇 https://t.co/mfCiHJiM9k",2025-08-09 15:01:33+00:00,0,1,violência
bauru,"Agressor da loja @OficialWTennis .
Sábado, 30, às 10 h, vai ter um protesto contra a violência no local (esquina rua 13 de Maio x Rua Batista de Carvalho). https://t.co/V4JJo4k4Mu",2025-08-26 16:13:33+00:00,0,0,violência
Polícia Militar do Estado de São Paulo,"Casal é preso por tráfico de drogas em Bauru/SP
Confira:https://t.co/gircfj4HFP https://t.co/QNiV418p2D",2025-08-27 11:37:57+00:00,2,17,"droga, preso, tráfico"
Rádio BandNews FM,Prefeitura de Bauru anuncia rodízio de abastecimento de água em meio à seca na região z #DIIAC #BandNewsStation https://t.co/14CSH6UjtE,2025-08-29 15:43:56+00:00,1,0,"prefeitura, água"
Polícia Militar do Estado de São Paulo,"Dupla é presa por furto em Bauru/SP

No domingo (31), policiais do 4º Batalhão de Polícia Militar do Interior prenderam dois envolvidos em furto a um estabelecimento comercial em Bauru/SP.

No local, foi apreendido um caminhão baú carregado com suplementos e placas veiculares https://t.co/RuMEDL0iYQ",2025-09-01 13:08:32+00:00,1,17,"caminhão, furto, polícia, presa"
Direita Raiz 🇧🇷🇮🇱,"Em Bauru, homem de 26 anos ataca menina de 12 anos que ia para escola com colega, um homem de um astra que aparece no video notou algo estranho e abordou o sujeito, a menina chorando correu, a população agrediu o assediador que foi preso por tentativa de estupro https://t.co/Mn0SS4Nveo",2025-09-02 11:36:41+00:00,1,46,"estupro, preso"
Jornal Diário do Estado,Quadrilha é presa por falsificação de garrafas de cerveja em galpão de Bauru: suspeitos de vários estados confessam crime ➡️ Leia: https:// https://t.co/VxcFbmQylq https://t.co/ZG8rm6RmWD,2025-09-02 22:46:32+00:00,0,0,"crime, presa"
Metrópoles,"⏯️ Um motorista evitou que uma menina de 12 anos fosse vítima de estupr0 nessa segunda-feira (1º/9), em Bauru, São Paulo. Imagens registradas por câmera de segurança mostram o momento em que o homem estaciona e sai do carro após notar a situação para abordar o suspeito do crime, https://t.co/7in6EX77eE",2025-09-03 21:00:47+00:00,30,950,"carro, crime, moto"
José Luiz Dread,"Um motorista evitou que uma menina de 12 anos fosse vítima de estupro no bairro Vila Maria, em Bauru (SP). Wilian Ribeiro, que havia acabado de deixar seu filho na escola, percebeu a situação suspeita e decidiu intervir. O suspeito, 26 anos, foi preso. https://t.co/bDvIurK7KK",2025-09-04 12:04:42+00:00,0,0,"estupro, moto, preso"
MixVale,"Motorista impede estupro de menina em Bauru com ação rápida e corajosa

#Bauru #estupro #Motorista

https://t.co/HYenAzLZQf",2025-09-05 13:45:17+00:00,0,0,"estupro, moto"
Portal Roma News,"Um ato de coragem salvou uma menina de 12 anos em Bauru, interior de São Paulo. Na segunda-feira (01), o empresário Willian Ribeiro, de 31 anos, reagiu ao perceber que um homem de 26 anos estava abordando a estudante com intenção de estupro. https://t.co/iRF7HuNGlU",2025-09-05 17:03:16+00:00,0,5,estupro
g1 Bauru,"Motorista sofre mal súbito e bate ônibus contra semáforo em Bauru
https://t.co/U3lISmzR71

#g1 #Bauru https://t.co/4sYxg8qQCH",2025-09-07 21:20:54+00:00,0,3,"moto, semáforo, ônibus"
g1 Bauru,"Homem é preso suspeito de torturar, agredir e manter companheira em cárcere privado
https://t.co/VRGsr3KXWO

#g1 #Guaimbê https://t.co/vLI1TwSh1J",2025-09-10 18:15:54+00:00,0,0,preso
g1 Bauru,"🚨Idoso morre atropelado na faixa de pedestre no interior de SP
https://t.co/OAw69fIUTY #g1 #Marília https://t.co/1ZMIaGZ09Q",2025-09-13 17:07:13+00:00,0,0,"morre, pedestre"
g1 Bauru,"Carro pega fogo após atingir árvores e poste em Bauru
https://t.co/zUf9JuGHeI

#g1 #Bauru https://t.co/BPxNjeNSWi",2025-09-15 17:23:42+00:00,0,1,"carro, fogo, poste, árvore"
g1 Bauru,"🚨Suspeita confessou o crime

Mulher é morta a facada durante briga em bar no interior de SP  https://t.co/DHhI6KFkdz #g1 #ParaguaçuPaulista https://t.co/yuZdPeO25z",2025-09-15 20:18:45+00:00,0,0,"crime, morta, upa"
g1 Bauru,"🚨Batida lateral

Motociclista morre após bater em carreta em vicinal de Piratininga https://t.co/oFep5LUoe4 #g1 #Piratininga https://t.co/VDlYdiz0sL",2025-09-15 21:19:16+00:00,0,0,"batida, morre, moto"
Polícia Militar do Estado de São Paulo,"Homem é preso com arma de fogo após denúncia de violência doméstica em Bauru/SP
Confira: https://t.co/ili96b9AqZ https://t.co/0NBsLTZKEQ",2025-09-16 17:12:31+00:00,0,8,"fogo, preso, violência"
Radar Econômico,Grupo Santa chega a São Paulo com aquisição de hospital em Bauru https://t.co/fLfdmpjcB2,2025-09-16 19:37:13+00:00,0,0,hospital
VEJA,"Grupo Santa chega a São Paulo com aquisição de hospital em Bauru

Via @EconomicoRadar  https://t.co/2wsEFmscAS",2025-09-16 19:37:57+00:00,0,4,"hospital, radar"
g1 Bauru,"⚖️ Justiça suspende pela terceira vez edital de concessão de estação de tratamento de esgoto
https://t.co/Xxbong4vdI #g1 #bauru https://t.co/HJ07VJZpz5",2025-09-18 23:27:57+00:00,0,1,esgoto
evil advisor coded 🪡,#spoiler da minha árvore genealógica targaryen 🐉 https://t.co/VJ6m9M1TOV,2025-09-19 18:31:34+00:00,7,29,árvore
g1 Bauru,"🎥VÍDEO: homem é preso suspeito de atear fogo em terreno no centro de Botucatu
https://t.co/8J0s64NDZc #g1 #Botucatu https://t.co/QL2J8GPUEG",2025-09-19 21:16:00+00:00,0,1,"fogo, preso"
Sofreneja,"Contagem regressiva! No dia 27, Bauru recebe o Cê Tá Doido Festival com shows, energia e aquela vibe que já conquistou o Brasil 🔥 https://t.co/PYgQdwIynh",2025-09-19 23:56:05+00:00,0,3,energia
g1 Bauru,"🚨 Carreta pega fogo e causa interdição parcial na Raposo Tavares
https://t.co/xyEm31Z8S8 #g1 #Rancharia https://t.co/H1oRe3bwdY",2025-09-20 20:51:56+00:00,0,0,"fogo, interdição"
g1,Moradores se unem para salvar jovens atingidas por árvore na saída de escola durante temporal em SP https://t.co/eGob6xHATm #g1 https://t.co/1ItIieCvrH,2025-09-23 18:18:34+00:00,7,75,"temporal, árvore"
🇧🇷 Daniel Marques Santos,"🔱🤡 ESTELIONATO ELEITORAL EM BAURU: Em 2020...como resolver a falta d'água...2024 estiagem pessoal, vamos orar...Incapacidade ou cara de pau? Qual a mentira/desculpa para 2025? Ambos! Esta é a BolSuelen 🤮 https://t.co/0IH4wzl6Th",2025-09-24 12:58:21+00:00,2,5,água
sons do Brasil 🎶,"Num dia como este há 83 anos nasceu em Bauru, interior de São Paulo, Hareton Salvanini

Na incapacidade de escolher uma faixa de seu disco de 1973 pra compartilhar aqui, compartilho a primeira “Eu hoje acordei com a luz do sol” apostando que você não vai conseguir parar nela ✨ https://t.co/AY4AkoMOcq",2025-09-25 11:12:42+00:00,8,54,luz
g1 Bauru,"Vara da Fazenda Pública determina que companhia restabeleça a energia elétrica em Marília
https://t.co/BiTII2H8WQ

#g1 #Marília https://t.co/YIOcHoSaXj",2025-09-25 17:42:30+00:00,0,0,energia
g1 Bauru,"🚨Dupla é presa com mais de meia tonelada de drogas em rodovia do interior de SP
https://t.co/v6DKsm6tY7 #g1 #SaltoGrande https://t.co/YNEfqNbbSE",2025-09-25 19:28:20+00:00,0,0,"droga, presa"
Folha Cotidiano,"Sem chuvas, Bauru (SP) endurece racionamento de água https://t.co/8l3Evf0Emk",2025-09-27 02:13:03+00:00,1,1,"chuva, água"
ISA,"ESSA É SUÉLEN.  PREFEITA DE BAURU.  BOSONARISTA. AMIGA DE BOSONARO , O QUE ESTÁ ACONTECENDO. SUÉLĘN. TERIA  FALADO QUE FAZERIA O POÇO PARA NÓS MORADORES DE BAURU E CONFIAMOS O DAE.  QUE MANDA AGUA PARA NÓS MORADORES, FICOU TEMPO SEM CHOVER. NO RIO BATALHA E AGORA ELA SUÉLEN QUER https://t.co/cGaUkHxPB9",2025-09-27 11:21:24+00:00,1,0,dae
g1 Bauru,"🦟'Dentracher'

Aplicativo desenvolvido na Fatec Botucatu ajuda a identificar pontos de proliferação da dengue https://t.co/ftZRSUTWLx #g1 #Botucatu https://t.co/qJEfyV70OZ",2025-09-27 13:20:40+00:00,0,1,dengue
manu,estudando igual os incas maias e astecas pq nesse bosta de cidade chamada Bauru não existe água e nem energia,2025-09-27 21:06:52+00:00,0,3,"energia, água"
g1 Bauru,"🛣️Motorista é preso transportando mais de 10 kg de skunk em rodovia de Pongaí
https://t.co/W7aL0wMsHX #g1 #Pongaí https://t.co/qh67L25oam",2025-09-28 18:23:31+00:00,0,1,"moto, preso"
toiao,preciso que alguém me envie anonimamente um bauru de coração sem salada + uma coca zero caso de Vida ou Morte,2025-09-28 23:20:47+00:00,2,6,morte
Otávio,O apogeu da história da humanidade vai ser quando inventarem uma maquina que rastreia quem começou uma queimada dai o Estado usa todos os seus recursos pra aniquilar essa pessoa da forma mais dolorosa possivel vai se fuder fumaça do caralho já é seco em bauru e os cara ficq nessa,2025-09-29 04:08:35+00:00,0,8,"fumaça, queimada"
sunny's gang,ja é a segunda queimada aqui perto do meu apto nessa semana cade a policia ambiental de bauru,2025-09-29 17:58:47+00:00,0,6,queimada
Rafael Moia Filho,"Mais um incêndio criminoso na cidade de Bauru, onde convivemos com uma estiagem severa. Não chove há meses e os criminosos continuam ateando fogo em matas e vegetações na área urbana da cidade. Autoridades? Vão bem obrigado, mas não demonstram nenhuma preocupação com os desastres https://t.co/eb4R2UxTsm",2025-09-29 18:44:41+00:00,0,5,"criminoso, fogo, incêndio, upa"
tomatinho,queria q a mao daquele segurança que pegou na karina caísse pegasse fogo necrosasse sangrasse ferisse amputasse apodrecesse desintegrasse murchasse enrugasse encolhesse ressecasse deteriorasse dissolvesse despedaçasse carbonizasse dilacerasse desfalecesse gangrenasse e virasse pó,2025-09-30 16:59:39+00:00,17,27,fogo
"11.10 TRES4 10 ANOS att, Maria Máquina","imagina ter um galpão pros coletivos daqui de bauru conseguirem fazer os roles em um espaço grande, não absurdamente caro, com alvará, energia elétrica e banheiro?
tipo,pode deixar que o resto nois desenrola sabe, mas por favor alguém precisa fazer algo sobre isso",2025-09-30 22:05:03+00:00,0,12,energia
morto-vivo desanimado,"meus parabéns pros arrombados do caralho que tão queimando bauru inteira pra construir imóvel, vão lucrar bastante com a especulação imobiliária e quando a cidade virar um deserto sem água e sem vida partem pra próxima",2025-09-30 23:20:55+00:00,0,0,água
Jornal Diário do Estado,Racionamento de água em Bauru: Prefeitura distribui galões para população abastecida pelo Rio Batalha. Medidas para enfrentar a estiagem. ➡️ Leia: https:// https://t.co/bSHUGnKn5C https://t.co/q4N8hgWuQh,2025-09-30 23:37:25+00:00,0,0,"prefeitura, água"
🦀Siri Rolinho🦀,"E agora a cidade inteira tá fumaça e fuligem e eu quero ver o que a desgraçada da prefeita vai falar, porque eu te amaldiçoo prefeitura de bauru, eu amaldiçoo seu solo profano construído em cima de queimada ilegal e nepotismo",2025-10-01 01:01:58+00:00,7,26,"fumaça, prefeitura, queimada"
ؘ,"Perdeu tudo, morando em Bauru sem água e com tudo pegando fogo",2025-10-01 01:21:36+00:00,2,5,"fogo, água"
𝖌𝖚𝖘𝖙𝖆𝖛𝖔,toma no cu as queimada de bauru,2025-10-01 01:28:49+00:00,0,1,queimada
Henritado,Impossível dormir com esse calor e cheiro insuportável de queimada que está em Bauru,2025-10-01 03:07:08+00:00,0,3,queimada
lau,Minha preocupação era morrer por envenenamento de metanol no final de semana mas com essa queimada em bauru nem no final de semana eu chego,2025-10-01 03:28:58+00:00,0,2,"morre, queimada, upa"
RodriguihBR ☁️,"com essa queimada que ta rolando em bauru, ta ruim de respirar ja mano... e acho incrivel que o governo daqui não faz absolutamente nada pra evitar isso",2025-10-01 03:49:40+00:00,0,2,queimada
Cássio,"A situação da cidade de @Bauru,estamos em racionamento de água,e para ficarmos 14h com água mas no dia que a água e para vir não tem pressão para subir para as caixas para abastecer nossas casas.5 dias sem abastecer a caixa aqui em casa.
#BDSP @tvtembau #bauru #jdterrabrancabauru https://t.co/nuWJMCjbzj",2025-10-01 09:51:13+00:00,0,1,água
Portal AtaNews,Idoso reage e mata homem a facada após furto em Bauru https://t.co/mrdJk9o3at,2025-10-01 10:39:26+00:00,0,0,furto
Portal AtaNews,Homem é preso suspeito de homicídio após ser visto carregando perna humana em Bauru https://t.co/4iEUyxOl2l,2025-10-01 11:46:36+00:00,0,0,"homicídio, preso"
Diário da Manhã,"Polícia Civil combate crimes ambientais em nascente de córrego em Aparecida
Leia mais: https://t.co/I1cTlywZYC https://t.co/xGpdcHHDj5",2025-10-01 14:07:31+00:00,0,0,"crime, polícia"
HiperNotícias,Preso por quebrar casa e ameaçar esposa promete sair da cadeia para matá-la | HiperNotícias - Você bem informado https://t.co/0ALuAEhBUh https://t.co/4BCEMEHapd,2025-10-01 14:10:14+00:00,0,0,preso
Diário de Araxá,"Prisão por tráfico de drogas é realizada no Centro de Araxá

https://t.co/YGEj3TxHji https://t.co/wCuehRWigB",2025-10-01 14:40:23+00:00,0,0,"droga, prisão, tráfico"
